{
  "azz2.jpg": [
    {
      "cls": 0,
      "x_center": 0.8604806408544726,
      "y_center": 0.503755364806867,
      "width": 0.049399198931909215,
      "height": 0.1148068669527897,
      "is_tp": true
    }
  ]
}